Pole,ParkingStartDate,ParkingEndDate,TransactionType,TotalCredit
SI83,1/1/2015 0:09,1/1/2015 0:09,Cash,0.5
UE255,1/1/2015 0:21,1/1/2015 0:21,Cash,0.75
EG6,1/1/2015 0:26,1/1/2015 0:26,Cash,0.05
EG6,1/1/2015 0:27,1/1/2015 0:27,Cash,0.05
UE242,1/1/2015 0:27,1/1/2015 0:27,Cash,0.25
B221,1/1/2015 0:45,1/1/2015 0:45,Cash,0.1
UE229,1/1/2015 0:51,1/1/2015 0:51,Cash,0.3
SG131,1/1/2015 1:03,1/1/2015 1:03,Cash,0.8
SG131,1/1/2015 1:03,1/1/2015 1:03,Cash,0.5
SO305,1/1/2015 1:22,1/1/2015 1:52,Cash,0.7
UW805,1/1/2015 1:29,1/1/2015 1:29,Cash,0.75
SO305,1/1/2015 1:44,1/1/2015 2:14,Cash,0.5
UE206,1/1/2015 1:46,1/1/2015 1:46,Cash,0.45
UE206,1/1/2015 1:46,1/1/2015 1:46,Cash,0.5
UE206,1/1/2015 1:47,1/1/2015 1:47,Cash,0.25
SO307,1/1/2015 1:50,1/1/2015 2:20,Cash,0.5
EK157,1/1/2015 2:01,1/1/2015 2:01,Cash,0.8
WAA50,1/1/2015 1:20,1/1/2015 1:20,Cash,0.75
WAA50,1/1/2015 1:45,1/1/2015 1:45,Cash,0.4
WAA50,1/1/2015 1:49,1/1/2015 1:49,Cash,0.1
SO307,1/1/2015 2:08,1/1/2015 2:38,Cash,1
EI122,1/1/2015 2:09,1/1/2015 2:09,Cash,0.25
UE287,1/1/2015 2:39,1/1/2015 2:39,Cash,1
UE287,1/1/2015 2:39,1/1/2015 2:39,Cash,0.25
WK50,1/1/2015 2:42,1/1/2015 2:42,Cash,0.75
WK50,1/1/2015 2:42,1/1/2015 2:42,Cash,0.25
SG6,1/1/2015 2:47,1/1/2015 2:47,Cash,0.25
UE206,1/1/2015 3:08,1/1/2015 3:08,Cash,0.25
UE204,1/1/2015 3:22,1/1/2015 3:22,Cash,0.25
SO309,1/1/2015 3:27,1/1/2015 3:57,Cash,0.5
EK411,1/1/2015 3:27,1/1/2015 3:27,Cash,0.5
SO309,1/1/2015 3:46,1/1/2015 4:12,Cash,0.25
SO307,1/1/2015 3:46,1/1/2015 4:16,Cash,0.8
SO301,1/1/2015 3:53,1/1/2015 4:23,Cash,0.5
SO307,1/1/2015 4:04,1/1/2015 4:34,Cash,0.5
SO307,1/1/2015 4:04,1/1/2015 4:34,Cash,0.25
EV144,1/1/2015 1:01,1/1/2015 1:01,Cash,0.25
SO309,1/1/2015 4:05,1/1/2015 4:27,Cash,0.25
SO305,1/1/2015 4:07,1/1/2015 4:37,Credit Card,0.5
EI120,1/1/2015 5:16,1/1/2015 5:16,Cash,0.5
SO303,1/1/2015 6:06,1/1/2015 6:21,Cash,0.25
WA23,1/1/2015 5:22,1/1/2015 5:22,Cash,0.5
WA23,1/1/2015 5:23,1/1/2015 5:23,Cash,0.15
EI160,1/1/2015 6:28,1/1/2015 6:28,Cash,0.5
EI160,1/1/2015 6:28,1/1/2015 6:28,Cash,0.25
SO305,1/1/2015 6:32,1/1/2015 6:56,Cash,0.4
EI150,1/1/2015 7:13,1/1/2015 7:13,Cash,0.25
WBB67,1/1/2015 2:09,1/1/2015 2:09,Cash,1.35
UE501,1/1/2015 8:09,1/1/2015 8:09,Cash,0.75
SO305,1/1/2015 8:10,1/1/2015 8:22,Cash,0.2
EI118,1/1/2015 8:11,1/1/2015 8:11,Cash,0.8
UE580,1/1/2015 8:12,1/1/2015 8:12,Cash,0.65
SO307,1/1/2015 8:20,1/1/2015 8:38,Cash,0.3
UE152,1/1/2015 8:22,1/1/2015 8:22,Cash,0.5
UW99,1/1/2015 8:25,1/1/2015 8:25,Cash,0.25
SG54,1/1/2015 8:46,1/1/2015 8:46,Cash,0.25
SG54,1/1/2015 8:46,1/1/2015 8:46,Cash,0.2
G66,1/1/2015 0:53,1/1/2015 0:53,Cash,0.75
UW609,1/1/2015 8:59,1/1/2015 8:59,Cash,0.25
UE265,1/1/2015 8:59,1/1/2015 8:59,Cash,0.25
WA15,1/1/2015 9:13,1/1/2015 9:13,Cash,0.25
NK517,1/1/2015 3:30,1/1/2015 3:30,Cash,0.5
SO305,1/1/2015 9:22,1/1/2015 9:52,Cash,0.5
UE375,1/1/2015 9:22,1/1/2015 9:22,Cash,0.1
EK430,1/1/2015 9:23,1/1/2015 9:23,Cash,0.6
UE206,1/1/2015 9:23,1/1/2015 9:23,Cash,0.15
EI408,1/1/2015 9:25,1/1/2015 9:25,Cash,0.3
UW99,1/1/2015 9:27,1/1/2015 9:27,Cash,0.3
SO305,1/1/2015 9:29,1/1/2015 9:59,Cash,0.25
V12,1/1/2015 0:59,1/1/2015 0:59,Cash,0.5
V12,1/1/2015 0:59,1/1/2015 0:59,Cash,2.5
SO309,1/1/2015 9:33,1/1/2015 9:48,Cash,0.25
UW607,1/1/2015 9:38,1/1/2015 9:38,Cash,0.5
NK554,1/1/2015 1:50,1/1/2015 1:50,Cash,0.5
NK554,1/1/2015 1:50,1/1/2015 1:50,Cash,0.25
NK554,1/1/2015 1:51,1/1/2015 1:51,Cash,0.25
B618,1/1/2015 9:55,1/1/2015 9:55,Cash,0.3
B618,1/1/2015 9:55,1/1/2015 9:55,Cash,0.1
UW100,1/1/2015 9:58,1/1/2015 9:58,Cash,0.5
UE183,1/1/2015 10:01,1/1/2015 10:01,Cash,0.25
UE389,1/1/2015 10:03,1/1/2015 10:03,Cash,0.25
K755,1/1/2015 9:22,1/1/2015 9:22,Cash,0.25
SO309,1/1/2015 10:05,1/1/2015 10:35,Cash,0.5
UW613,1/1/2015 10:08,1/1/2015 10:08,Cash,0.5
SO307,1/1/2015 10:12,1/1/2015 10:33,Cash,0.35
B614,1/1/2015 10:15,1/1/2015 10:15,Cash,0.05
UE265,1/1/2015 10:22,1/1/2015 10:22,Cash,0.05
UW183,1/1/2015 10:23,1/1/2015 10:23,Cash,0.5
UE226,1/1/2015 10:30,1/1/2015 10:30,Cash,0.75
UE152,1/1/2015 10:30,1/1/2015 10:30,Cash,0.5
EX27,1/1/2015 3:39,1/1/2015 3:39,Cash,0.25
EX27,1/1/2015 3:39,1/1/2015 3:39,Cash,0.25
WA15,1/1/2015 10:33,1/1/2015 10:33,Cash,0.75
F11,1/1/2015 0:26,1/1/2015 0:26,Cash,0.75
SK208,1/1/2015 9:39,1/1/2015 9:39,Cash,0.65
WA61,1/1/2015 10:34,1/1/2015 10:34,Cash,0.75
SO307,1/1/2015 10:35,1/1/2015 10:59,Cash,0.4
UE381,1/1/2015 10:35,1/1/2015 10:35,Cash,0.25
WR152,1/1/2015 8:51,1/1/2015 8:51,Cash,0.3
WR152,1/1/2015 8:51,1/1/2015 8:51,Cash,0.2
UW224,1/1/2015 10:36,1/1/2015 10:36,Cash,0.75
UE204,1/1/2015 10:36,1/1/2015 10:36,Cash,0.3
SO309,1/1/2015 10:38,1/1/2015 11:08,Credit Card,0.5
SO305,1/1/2015 10:38,1/1/2015 10:53,Credit Card,0.25
UE616,1/1/2015 10:38,1/1/2015 10:38,Cash,0.5
UE616,1/1/2015 10:38,1/1/2015 10:38,Cash,0.1
B620,1/1/2015 10:39,1/1/2015 10:39,Cash,0.25
SM202,1/1/2015 10:39,1/1/2015 10:39,Cash,0.1
UE254,1/1/2015 10:39,1/1/2015 10:39,Cash,0.25
UW100,1/1/2015 10:40,1/1/2015 10:40,Cash,0.5
UW100,1/1/2015 10:41,1/1/2015 10:41,Cash,0.25
UE222,1/1/2015 10:40,1/1/2015 10:40,Cash,0.75
UE222,1/1/2015 10:40,1/1/2015 10:40,Cash,0.5
UE252,1/1/2015 10:41,1/1/2015 10:41,Cash,0.25
UE271,1/1/2015 10:36,1/1/2015 10:36,Cash,0.5
UE271,1/1/2015 10:41,1/1/2015 10:41,Cash,0.5
UE271,1/1/2015 10:41,1/1/2015 10:41,Cash,0.25
UE271,1/1/2015 10:41,1/1/2015 10:41,Cash,0.25
UW601,1/1/2015 10:44,1/1/2015 10:44,Cash,0.1
UW601,1/1/2015 10:44,1/1/2015 10:44,Cash,0.3
UE569,1/1/2015 10:44,1/1/2015 10:44,Cash,0.35
UE176,1/1/2015 10:47,1/1/2015 10:47,Cash,0.5
UE176,1/1/2015 10:47,1/1/2015 10:47,Cash,0.75
EK406,1/1/2015 10:49,1/1/2015 10:49,Cash,0.25
EK406,1/1/2015 10:49,1/1/2015 10:49,Cash,0.1
EK406,1/1/2015 10:49,1/1/2015 10:49,Cash,0.2
UW907,1/1/2015 10:51,1/1/2015 10:51,Cash,0.1
UE410,1/1/2015 10:53,1/1/2015 10:53,Cash,0.25
UE525,1/1/2015 10:53,1/1/2015 10:53,Cash,0.75
B604,1/1/2015 10:53,1/1/2015 10:53,Cash,0.5
B604,1/1/2015 10:54,1/1/2015 10:54,Cash,0.25
K893,1/1/2015 8:56,1/1/2015 8:56,Cash,0.25
UE235,1/1/2015 10:57,1/1/2015 10:57,Cash,0.3
UW182,1/1/2015 10:57,1/1/2015 10:57,Cash,0.5
UW113,1/1/2015 10:58,1/1/2015 10:58,Cash,1.5
UE277,1/1/2015 11:00,1/1/2015 11:00,Cash,0.25
WBB109,1/1/2015 9:57,1/1/2015 9:57,Cash,0.5
UE151,1/1/2015 11:01,1/1/2015 11:01,Cash,0.5
UW301,1/1/2015 11:01,1/1/2015 11:01,Cash,0.5
UW301,1/1/2015 11:01,1/1/2015 11:01,Cash,0.5
UW111,1/1/2015 11:01,1/1/2015 11:01,Cash,0.5
UE505,1/1/2015 11:01,1/1/2015 11:01,Cash,0.05
UE505,1/1/2015 11:02,1/1/2015 11:02,Cash,0.2
UE505,1/1/2015 11:02,1/1/2015 11:02,Cash,0.25
SO307,1/1/2015 11:03,1/1/2015 11:18,Cash,0.25
UE600,1/1/2015 11:03,1/1/2015 11:03,Cash,0.25
UE600,1/1/2015 11:03,1/1/2015 11:03,Cash,0.25
B504,1/1/2015 11:03,1/1/2015 11:03,Cash,0.5
UE381,1/1/2015 11:04,1/1/2015 11:04,Cash,0.25
V22,1/1/2015 10:19,1/1/2015 10:19,Cash,0.5
UE156,1/1/2015 11:04,1/1/2015 11:04,Cash,0.25
UE230,1/1/2015 11:05,1/1/2015 11:05,Cash,0.25
UE227,1/1/2015 11:05,1/1/2015 11:05,Cash,0.5
UE176,1/1/2015 11:06,1/1/2015 11:06,Cash,0.75
UE210,1/1/2015 11:07,1/1/2015 11:07,Cash,0.25
SO303,1/1/2015 11:07,1/1/2015 11:22,Cash,0.25
EI413,1/1/2015 11:07,1/1/2015 11:07,Cash,0.35
K657,1/1/2015 11:11,1/1/2015 11:11,Cash,0.25
K657,1/1/2015 11:11,1/1/2015 11:11,Cash,0.25
WA15,1/1/2015 11:13,1/1/2015 11:13,Cash,0.25
B159,1/1/2015 11:13,1/1/2015 11:13,Cash,0.5
K658,1/1/2015 0:23,1/1/2015 0:23,Cash,0.25
EI152,1/1/2015 11:14,1/1/2015 11:14,Cash,0.25
EI152,1/1/2015 11:15,1/1/2015 11:15,Cash,0.5
UW118,1/1/2015 11:14,1/1/2015 11:14,Cash,0.5
UE222,1/1/2015 11:15,1/1/2015 11:15,Cash,0.25
UE178,1/1/2015 11:18,1/1/2015 11:18,Cash,0.35
UE178,1/1/2015 11:18,1/1/2015 11:18,Cash,0.1
SO309,1/1/2015 11:19,1/1/2015 11:34,Credit Card,0.25
SO307,1/1/2015 11:18,1/1/2015 11:39,Cash,0.35
UE483,1/1/2015 11:18,1/1/2015 11:18,Cash,0.5
UE483,1/1/2015 11:19,1/1/2015 11:19,Cash,0.25
EP45,1/1/2015 10:54,1/1/2015 10:54,Cash,0.1
UE210,1/1/2015 11:21,1/1/2015 11:21,Cash,0.5
EN728,1/1/2015 11:21,1/1/2015 11:21,Cash,0.25
UW611,1/1/2015 11:21,1/1/2015 11:21,Cash,1
SJ02,1/1/2015 11:22,1/1/2015 11:22,Cash,0.25
SJ02,1/1/2015 11:23,1/1/2015 11:23,Cash,1
UW103,1/1/2015 11:23,1/1/2015 11:23,Cash,0.25
EK406,1/1/2015 11:23,1/1/2015 11:23,Cash,0.1
UW613,1/1/2015 11:25,1/1/2015 11:25,Cash,0.25
B619,1/1/2015 11:25,1/1/2015 11:25,Cash,0.75
B621,1/1/2015 11:25,1/1/2015 11:25,Cash,0.7
K650,1/1/2015 2:29,1/1/2015 2:29,Cash,0.75
UE153,1/1/2015 10:51,1/1/2015 10:51,Cash,0.25
UE252,1/1/2015 11:27,1/1/2015 11:27,Cash,0.25
UE254,1/1/2015 11:28,1/1/2015 11:28,Cash,0.25
UE254,1/1/2015 11:28,1/1/2015 11:28,Cash,0.05
UE277,1/1/2015 11:31,1/1/2015 11:31,Cash,0.5
UE277,1/1/2015 11:31,1/1/2015 11:31,Cash,0.25
WA15,1/1/2015 11:32,1/1/2015 11:32,Cash,0.2
UW809,1/1/2015 11:32,1/1/2015 11:32,Cash,0.25
UE630,1/1/2015 11:32,1/1/2015 11:32,Cash,0.25
UE259,1/1/2015 11:33,1/1/2015 11:33,Cash,0.5
UE252,1/1/2015 11:33,1/1/2015 11:33,Cash,0.6
UE267,1/1/2015 11:33,1/1/2015 11:33,Cash,0.25
UE237,1/1/2015 11:34,1/1/2015 11:34,Cash,0.5
B163,1/1/2015 11:34,1/1/2015 11:34,Cash,0.35
B100,1/1/2015 11:35,1/1/2015 11:35,Cash,0.5
B100,1/1/2015 11:35,1/1/2015 11:35,Cash,0.6
UW605,1/1/2015 11:35,1/1/2015 11:35,Cash,0.15
UW605,1/1/2015 11:35,1/1/2015 11:35,Cash,0.25
UE256,1/1/2015 11:35,1/1/2015 11:35,Cash,0.5
SK63,1/1/2015 10:31,1/1/2015 10:31,Cash,0.75
UE806,1/1/2015 11:37,1/1/2015 11:37,Cash,0.5
UE806,1/1/2015 11:38,1/1/2015 11:38,Cash,0.25
UE310,1/1/2015 11:39,1/1/2015 11:39,Cash,0.15
UE233,1/1/2015 11:35,1/1/2015 11:35,Cash,0.5
UE233,1/1/2015 11:35,1/1/2015 11:35,Cash,0.25
UW1003,1/1/2015 11:41,1/1/2015 11:41,Cash,0.25
F30,1/1/2015 11:02,1/1/2015 11:02,Cash,1
F30,1/1/2015 11:03,1/1/2015 11:03,Cash,0.7
K656,1/1/2015 9:13,1/1/2015 9:13,Cash,0.5
K656,1/1/2015 9:43,1/1/2015 9:43,Cash,0.75
UE220,1/1/2015 11:41,1/1/2015 11:41,Cash,0.25
K674,1/1/2015 11:01,1/1/2015 11:01,Cash,1
UW609,1/1/2015 11:42,1/1/2015 11:42,Cash,0.5
WA15,1/1/2015 11:42,1/1/2015 11:42,Cash,0.4
UE259,1/1/2015 11:42,1/1/2015 11:42,Cash,0.75
UE804,1/1/2015 11:44,1/1/2015 11:44,Cash,0.5
UE804,1/1/2015 11:44,1/1/2015 11:44,Cash,0.25
UW809,1/1/2015 11:45,1/1/2015 11:45,Cash,0.2
UE210,1/1/2015 11:46,1/1/2015 11:46,Cash,0.95
UE502,1/1/2015 11:46,1/1/2015 11:46,Cash,0.5
UE502,1/1/2015 11:46,1/1/2015 11:46,Cash,0.25
K617,1/1/2015 9:38,1/1/2015 9:38,Cash,0.35
B63,1/1/2015 11:48,1/1/2015 11:48,Cash,0.1
B63,1/1/2015 11:48,1/1/2015 11:48,Cash,0.25
WA27,1/1/2015 11:48,1/1/2015 11:48,Cash,0.2
WA27,1/1/2015 11:49,1/1/2015 11:49,Cash,0.25
SO303,1/1/2015 11:49,1/1/2015 12:10,Cash,0.35
WA35,1/1/2015 11:49,1/1/2015 11:49,Cash,0.35
WA35,1/1/2015 11:49,1/1/2015 11:49,Cash,0.75
UE373,1/1/2015 11:49,1/1/2015 11:49,Cash,0.05
B606,1/1/2015 11:51,1/1/2015 11:51,Cash,0.25
UW120,1/1/2015 11:51,1/1/2015 11:51,Cash,0.25
K811,1/1/2015 1:09,1/1/2015 1:09,Cash,0.8
B51,1/1/2015 11:52,1/1/2015 11:52,Cash,0.5
B51,1/1/2015 11:52,1/1/2015 11:52,Cash,0.25
NK52,1/1/2015 10:19,1/1/2015 10:19,Cash,0.6
K170,1/1/2015 11:18,1/1/2015 11:18,Cash,0.2
K170,1/1/2015 10:24,1/1/2015 10:24,Cash,0.2
UW6,1/1/2015 11:53,1/1/2015 11:53,Cash,0.5
UE206,1/1/2015 11:54,1/1/2015 11:54,Cash,0.25
NK655,1/1/2015 1:18,1/1/2015 1:18,Cash,0.75
B569,1/1/2015 11:55,1/1/2015 11:55,Cash,0.25
UE176,1/1/2015 11:55,1/1/2015 11:55,Cash,0.6
UW803,1/1/2015 11:55,1/1/2015 11:55,Cash,0.05
B104,1/1/2015 11:56,1/1/2015 11:56,Cash,0.25
B620,1/1/2015 11:57,1/1/2015 11:57,Cash,0.35
V19,1/1/2015 11:00,1/1/2015 11:00,Cash,0.5
V19,1/1/2015 11:17,1/1/2015 11:17,Cash,0.1
UE812,1/1/2015 11:57,1/1/2015 11:57,Cash,0.5
SM201,1/1/2015 11:58,1/1/2015 11:58,Cash,0.5
UE211,1/1/2015 11:59,1/1/2015 11:59,Cash,0.2
EK310,1/1/2015 12:01,1/1/2015 12:01,Cash,0.75
EK310,1/1/2015 12:01,1/1/2015 12:01,Cash,0.5
UE391,1/1/2015 12:02,1/1/2015 12:02,Cash,0.75
K160,1/1/2015 11:45,1/1/2015 11:45,Cash,0.25
WA15,1/1/2015 12:02,1/1/2015 12:02,Cash,0.25
WA15,1/1/2015 12:02,1/1/2015 12:02,Cash,0.35
B51,1/1/2015 12:03,1/1/2015 12:03,Cash,0.5
UW803,1/1/2015 12:04,1/1/2015 12:04,Cash,0.5
UW803,1/1/2015 12:04,1/1/2015 12:04,Cash,0.25
UW803,1/1/2015 12:04,1/1/2015 12:04,Cash,0.25
UE224,1/1/2015 12:05,1/1/2015 12:05,Cash,0.25
UE224,1/1/2015 12:06,1/1/2015 12:06,Cash,0.25
EI160,1/1/2015 12:04,1/1/2015 12:04,Cash,0.1
UW4,1/1/2015 12:05,1/1/2015 12:05,Cash,0.25
UE269,1/1/2015 12:05,1/1/2015 12:05,Cash,0.5
UE263,1/1/2015 12:06,1/1/2015 12:06,Cash,0.25
UW134,1/1/2015 12:06,1/1/2015 12:06,Cash,0.5
UW805,1/1/2015 12:07,1/1/2015 12:07,Cash,0.25
UE267,1/1/2015 12:07,1/1/2015 12:07,Cash,0.25
UE279,1/1/2015 12:07,1/1/2015 12:07,Cash,0.5
UE279,1/1/2015 12:07,1/1/2015 12:07,Cash,1
UE510,1/1/2015 12:07,1/1/2015 12:07,Cash,0.75
UW120,1/1/2015 12:07,1/1/2015 12:07,Cash,0.1
UE277,1/1/2015 12:07,1/1/2015 12:07,Cash,0.5
UE202,1/1/2015 12:08,1/1/2015 12:08,Cash,0.75
UE202,1/1/2015 12:08,1/1/2015 12:08,Cash,0.25
B27,1/1/2015 12:07,1/1/2015 12:07,Cash,0.35
UE216,1/1/2015 12:08,1/1/2015 12:08,Cash,0.25
UW111,1/1/2015 12:08,1/1/2015 12:08,Cash,0.25
UW118,1/1/2015 12:10,1/1/2015 12:10,Cash,0.15
EN8,1/1/2015 12:11,1/1/2015 12:11,Cash,0.75
ED27,1/1/2015 12:11,1/1/2015 12:11,Cash,0.25
ED27,1/1/2015 12:12,1/1/2015 12:12,Cash,0.25
NK255,1/1/2015 8:52,1/1/2015 8:52,Cash,0.35
UE171,1/1/2015 12:12,1/1/2015 12:12,Cash,0.75
NK255,1/1/2015 8:53,1/1/2015 8:53,Cash,0.5
UE171,1/1/2015 12:13,1/1/2015 12:13,Cash,0.25
B602,1/1/2015 12:12,1/1/2015 12:12,Cash,0.5
B59,1/1/2015 12:13,1/1/2015 12:13,Cash,0.25
B59,1/1/2015 12:13,1/1/2015 12:13,Cash,0.25
UE504,1/1/2015 12:13,1/1/2015 12:13,Cash,0.25
UE223,1/1/2015 12:15,1/1/2015 12:15,Cash,0.25
UW108,1/1/2015 11:34,1/1/2015 11:34,Cash,0.5
UE02,1/1/2015 12:17,1/1/2015 12:17,Cash,0.05
UE02,1/1/2015 12:16,1/1/2015 12:16,Cash,0.25
B63,1/1/2015 12:17,1/1/2015 12:17,Cash,0.25
B63,1/1/2015 12:17,1/1/2015 12:17,Cash,0.5
UE507,1/1/2015 12:16,1/1/2015 12:16,Cash,0.3
UE216,1/1/2015 12:17,1/1/2015 12:17,Cash,0.15
UE216,1/1/2015 12:18,1/1/2015 12:18,Cash,0.1
UE226,1/1/2015 12:18,1/1/2015 12:18,Cash,0.25
UW1051,1/1/2015 12:19,1/1/2015 12:19,Cash,0.25
UE810,1/1/2015 12:20,1/1/2015 12:20,Cash,0.25
SM264,1/1/2015 12:21,1/1/2015 12:51,Cash,0.5
UE580,1/1/2015 12:21,1/1/2015 12:21,Cash,0.7
UE505,1/1/2015 12:21,1/1/2015 12:21,Cash,0.25
UW611,1/1/2015 12:22,1/1/2015 12:22,Cash,0.15
UE151,1/1/2015 12:22,1/1/2015 12:22,Cash,0.45
EP65,1/1/2015 12:23,1/1/2015 12:23,Cash,0.75
UE501,1/1/2015 12:23,1/1/2015 12:23,Cash,0.5
K573,1/1/2015 10:45,1/1/2015 10:45,Cash,0.5
UE301,1/1/2015 12:24,1/1/2015 12:24,Cash,0.5
SO312,1/1/2015 12:25,1/1/2015 12:25,Cash,0.5
UW907,1/1/2015 12:26,1/1/2015 12:26,Cash,0.65
UE201,1/1/2015 12:26,1/1/2015 12:26,Cash,0.1
B55,1/1/2015 12:26,1/1/2015 12:26,Cash,0.25
SO303,1/1/2015 12:26,1/1/2015 12:56,Cash,0.5
UW102,1/1/2015 12:27,1/1/2015 12:27,Cash,0.25
UW102,1/1/2015 12:27,1/1/2015 12:27,Cash,0.5
UE220,1/1/2015 12:26,1/1/2015 12:26,Cash,1
UE220,1/1/2015 12:27,1/1/2015 12:27,Cash,0.5
UE224,1/1/2015 12:27,1/1/2015 12:27,Cash,0.25
UE202,1/1/2015 12:27,1/1/2015 12:27,Cash,0.25
UE152,1/1/2015 12:29,1/1/2015 12:29,Cash,0.1
WA9,1/1/2015 12:29,1/1/2015 12:29,Cash,0.25
UE206,1/1/2015 12:30,1/1/2015 12:30,Cash,0.25
M517,1/1/2015 12:31,1/1/2015 12:31,Cash,0.55
UE553,1/1/2015 12:31,1/1/2015 12:31,Cash,0.5
B605,1/1/2015 12:32,1/1/2015 12:32,Cash,0.5
B59,1/1/2015 12:33,1/1/2015 12:33,Cash,0.6
UE172,1/1/2015 12:34,1/1/2015 12:34,Cash,0.25
UE172,1/1/2015 12:35,1/1/2015 12:35,Cash,0.05
UE202,1/1/2015 12:35,1/1/2015 12:35,Cash,0.25
B55,1/1/2015 12:36,1/1/2015 12:36,Cash,0.5
B55,1/1/2015 12:36,1/1/2015 12:36,Cash,0.25
B57,1/1/2015 12:36,1/1/2015 12:36,Cash,0.25
UE230,1/1/2015 12:37,1/1/2015 12:37,Cash,0.25
UE483,1/1/2015 12:40,1/1/2015 12:40,Cash,0.25
SO309,1/1/2015 12:41,1/1/2015 12:47,Cash,0.1
UW613,1/1/2015 12:41,1/1/2015 12:41,Cash,0.5
UW1021,1/1/2015 12:41,1/1/2015 12:41,Cash,0.25
UW1021,1/1/2015 12:41,1/1/2015 12:41,Cash,0.25
UW921,1/1/2015 12:42,1/1/2015 12:42,Cash,0.25
UW921,1/1/2015 12:42,1/1/2015 12:42,Cash,0.75
B55,1/1/2015 12:43,1/1/2015 12:43,Cash,0.05
WA27,1/1/2015 12:43,1/1/2015 12:43,Cash,0.55
UE235,1/1/2015 12:43,1/1/2015 12:43,Cash,0.5
UE235,1/1/2015 12:43,1/1/2015 12:43,Cash,0.5
UE235,1/1/2015 12:45,1/1/2015 12:45,Cash,0.2
UE519,1/1/2015 12:44,1/1/2015 12:44,Cash,0.2
UE186,1/1/2015 12:47,1/1/2015 12:47,Cash,0.5
WBB56,1/1/2015 10:55,1/1/2015 10:55,Cash,0.35
UE389,1/1/2015 12:51,1/1/2015 12:51,Cash,0.75
SM54,1/1/2015 12:50,1/1/2015 12:50,Cash,0.25
UW102,1/1/2015 12:51,1/1/2015 12:51,Cash,0.05
UW1063,1/1/2015 12:50,1/1/2015 12:50,Cash,0.05
EK412,1/1/2015 12:51,1/1/2015 12:51,Cash,0.2
UW102,1/1/2015 12:53,1/1/2015 12:53,Cash,0.6
UE206,1/1/2015 12:55,1/1/2015 12:55,Cash,0.25
UW226,1/1/2015 12:55,1/1/2015 12:55,Cash,0.25
WA21,1/1/2015 7:23,1/1/2015 7:23,Cash,0.35
UE216,1/1/2015 12:59,1/1/2015 12:59,Cash,0.25
UW100,1/1/2015 13:00,1/1/2015 13:00,Cash,0.5
SO307,1/1/2015 13:00,1/1/2015 13:30,Cash,0.5
B544,1/1/2015 13:02,1/1/2015 13:02,Cash,0.05
B544,1/1/2015 13:02,1/1/2015 13:02,Cash,0.25
B100,1/1/2015 13:04,1/1/2015 13:04,Cash,0.5
K110,1/1/2015 10:43,1/1/2015 10:43,Cash,0.25
UW605,1/1/2015 13:07,1/1/2015 13:07,Cash,0.75
UW607,1/1/2015 13:08,1/1/2015 13:08,Cash,0.25
UW983,1/1/2015 13:08,1/1/2015 13:08,Cash,1
UW909,1/1/2015 13:08,1/1/2015 13:08,Cash,0.5
WAA56,1/1/2015 1:42,1/1/2015 1:42,Cash,0.75
WAA56,1/1/2015 12:26,1/1/2015 12:26,Cash,0.25
WAA56,1/1/2015 12:27,1/1/2015 12:27,Cash,0.25
UE406,1/1/2015 13:09,1/1/2015 13:09,Cash,0.25
EA6,1/1/2015 13:10,1/1/2015 13:10,Cash,0.5
K252,1/1/2015 13:05,1/1/2015 13:05,Cash,0.5
UE312,1/1/2015 13:11,1/1/2015 13:11,Cash,0.1
UE312,1/1/2015 13:12,1/1/2015 13:12,Cash,0.05
UE608,1/1/2015 13:13,1/1/2015 13:13,Cash,1
UE265,1/1/2015 13:14,1/1/2015 13:14,Cash,0.25
UE506,1/1/2015 13:15,1/1/2015 13:15,Cash,0.45
UW603,1/1/2015 13:15,1/1/2015 13:15,Cash,0.5
K208,1/1/2015 11:18,1/1/2015 11:18,Cash,0.15
UE252,1/1/2015 13:17,1/1/2015 13:17,Cash,0.25
UE176,1/1/2015 13:18,1/1/2015 13:18,Cash,0.35
UW180,1/1/2015 13:20,1/1/2015 13:20,Cash,0.25
UW212,1/1/2015 13:21,1/1/2015 13:21,Cash,0.5
UE214,1/1/2015 13:21,1/1/2015 13:21,Cash,0.5
UW118,1/1/2015 13:22,1/1/2015 13:22,Cash,0.25
B63,1/1/2015 13:26,1/1/2015 13:26,Cash,0.1
WA67,1/1/2015 13:28,1/1/2015 13:28,Cash,0.5
WA61,1/1/2015 13:29,1/1/2015 13:29,Cash,0.1
UW811,1/1/2015 13:29,1/1/2015 13:29,Cash,0.3
UW811,1/1/2015 13:29,1/1/2015 13:29,Cash,0.25
UE214,1/1/2015 13:30,1/1/2015 13:30,Cash,0.75
B157,1/1/2015 13:30,1/1/2015 13:30,Cash,0.5
WA61,1/1/2015 13:32,1/1/2015 13:32,Cash,0.25
UE504,1/1/2015 13:33,1/1/2015 13:33,Cash,0.25
UE504,1/1/2015 13:33,1/1/2015 13:33,Cash,0.5
NG606,1/1/2015 9:21,1/1/2015 9:21,Cash,0.1
UW102,1/1/2015 13:36,1/1/2015 13:36,Cash,0.25
UW6,1/1/2015 13:36,1/1/2015 13:36,Cash,0.5
UE391,1/1/2015 13:37,1/1/2015 13:37,Cash,0.25
UW109,1/1/2015 13:37,1/1/2015 13:37,Cash,0.25
UE229,1/1/2015 13:40,1/1/2015 13:40,Cash,0.35
UW119,1/1/2015 13:42,1/1/2015 13:42,Cash,0.5
UE271,1/1/2015 13:43,1/1/2015 13:43,Cash,0.25
UW917,1/1/2015 13:43,1/1/2015 13:43,Cash,0.55
UE508,1/1/2015 13:44,1/1/2015 13:44,Cash,0.15
UE502,1/1/2015 13:45,1/1/2015 13:45,Cash,0.25
UE202,1/1/2015 13:46,1/1/2015 13:46,Cash,0.5
UE202,1/1/2015 13:46,1/1/2015 13:46,Cash,0.25
UE252,1/1/2015 13:48,1/1/2015 13:48,Cash,0.75
EI413,1/1/2015 15:32,1/1/2015 15:32,Cash,0.55
EI413,1/1/2015 15:32,1/1/2015 15:32,Cash,0.5
UE252,1/1/2015 13:48,1/1/2015 13:48,Cash,0.25
UE253,1/1/2015 11:19,1/1/2015 11:19,Cash,0.5
UE253,1/1/2015 13:48,1/1/2015 13:48,Cash,0.25
EK409,1/1/2015 13:50,1/1/2015 13:50,Cash,0.25
SO307,1/1/2015 13:51,1/1/2015 14:21,Cash,1
UE220,1/1/2015 13:50,1/1/2015 13:50,Cash,0.2
UE220,1/1/2015 13:50,1/1/2015 13:50,Cash,0.1
SO301,1/1/2015 13:51,1/1/2015 13:54,Cash,0.05
UW607,1/1/2015 13:53,1/1/2015 13:53,Cash,0.35
UW116,1/1/2015 13:54,1/1/2015 13:54,Cash,0.25
UE332,1/1/2015 13:55,1/1/2015 13:55,Cash,0.25
UE172,1/1/2015 13:57,1/1/2015 13:57,Cash,0.5
UW605,1/1/2015 13:57,1/1/2015 13:57,Cash,0.25
UE203,1/1/2015 13:58,1/1/2015 13:58,Cash,0.35
EI104,1/1/2015 13:58,1/1/2015 13:58,Cash,0.25
UE232,1/1/2015 14:01,1/1/2015 14:01,Cash,0.25
EC11,1/1/2015 12:49,1/1/2015 12:49,Cash,0.15
UE02,1/1/2015 14:03,1/1/2015 14:03,Cash,0.25
EN668,1/1/2015 11:56,1/1/2015 11:56,Cash,0.5
WR154,1/1/2015 13:34,1/1/2015 13:34,Cash,0.5
WR154,1/1/2015 13:34,1/1/2015 13:34,Cash,0.25
UE156,1/1/2015 14:04,1/1/2015 14:04,Cash,0.25
UE507,1/1/2015 14:04,1/1/2015 14:04,Cash,0.5
UW206,1/1/2015 14:05,1/1/2015 14:05,Cash,0.75
EP665,1/1/2015 14:08,1/1/2015 14:08,Cash,0.5
UE608,1/1/2015 14:08,1/1/2015 14:08,Cash,0.5
EN274,1/1/2015 11:35,1/1/2015 11:35,Cash,0.05
ED33,1/1/2015 13:05,1/1/2015 13:05,Cash,0.1
UE179,1/1/2015 14:13,1/1/2015 14:13,Cash,0.25
UW114,1/1/2015 14:13,1/1/2015 14:13,Cash,0.4
UE400,1/1/2015 14:16,1/1/2015 14:16,Cash,0.45
UE503,1/1/2015 14:18,1/1/2015 14:18,Cash,0.75
UE406,1/1/2015 14:18,1/1/2015 14:18,Cash,0.55
SO307,1/1/2015 14:18,1/1/2015 14:48,Cash,0.5
UE400,1/1/2015 14:20,1/1/2015 14:20,Cash,0.25
UE400,1/1/2015 14:20,1/1/2015 14:20,Cash,0.5
UE503,1/1/2015 14:20,1/1/2015 14:20,Cash,0.25
UE503,1/1/2015 14:20,1/1/2015 14:20,Cash,0.5
UE391,1/1/2015 14:21,1/1/2015 14:21,Cash,0.5
SO309,1/1/2015 14:21,1/1/2015 14:36,Cash,0.25
UE606,1/1/2015 14:21,1/1/2015 14:21,Cash,0.25
UE151,1/1/2015 14:24,1/1/2015 14:24,Cash,0.15
EG16,1/1/2015 14:25,1/1/2015 14:25,Cash,0.75
UE400,1/1/2015 14:26,1/1/2015 14:26,Cash,0.15
EI158,1/1/2015 14:26,1/1/2015 14:26,Cash,0.25
NN1,1/1/2015 10:41,1/1/2015 10:41,Cash,0.25
UE502,1/1/2015 14:29,1/1/2015 14:29,Cash,0.6
UE295,1/1/2015 14:29,1/1/2015 14:29,Cash,0.85
UW1003,1/1/2015 14:29,1/1/2015 14:29,Cash,0.25
SO309,1/1/2015 14:30,1/1/2015 14:51,Cash,0.25
UE216,1/1/2015 14:30,1/1/2015 14:30,Cash,0.35
UE228,1/1/2015 14:30,1/1/2015 14:30,Cash,0.25
EK409,1/1/2015 14:30,1/1/2015 14:30,Cash,0.25
UW228,1/1/2015 14:31,1/1/2015 14:31,Cash,0.5
EK302,1/1/2015 14:32,1/1/2015 14:32,Cash,0.25
EK302,1/1/2015 14:32,1/1/2015 14:32,Cash,0.1
UE806,1/1/2015 14:33,1/1/2015 14:33,Cash,0.1
UE151,1/1/2015 14:33,1/1/2015 14:33,Cash,0.3
UE275,1/1/2015 14:33,1/1/2015 14:33,Cash,0.25
EI154,1/1/2015 14:34,1/1/2015 14:34,Cash,0.5
UE152,1/1/2015 14:36,1/1/2015 14:36,Cash,0.25
UE152,1/1/2015 14:36,1/1/2015 14:36,Cash,0.3
EI116,1/1/2015 14:37,1/1/2015 14:37,Cash,0.25
UE151,1/1/2015 14:37,1/1/2015 14:37,Cash,0.25
EK401,1/1/2015 14:37,1/1/2015 14:37,Cash,0.25
EK401,1/1/2015 14:38,1/1/2015 14:38,Cash,0.25
M517,1/1/2015 14:38,1/1/2015 14:38,Cash,1.25
UE604,1/1/2015 14:39,1/1/2015 14:39,Cash,0.25
SO302,1/1/2015 14:40,1/1/2015 14:40,Cash,0.15
SO302,1/1/2015 14:41,1/1/2015 14:41,Cash,0.1
SO302,1/1/2015 14:41,1/1/2015 14:41,Cash,0.4
B610,1/1/2015 14:40,1/1/2015 14:40,Cash,0.2
EI116,1/1/2015 14:42,1/1/2015 14:42,Cash,0.75
WX171,1/1/2015 14:25,1/1/2015 14:25,Cash,0.75
EN706,1/1/2015 14:43,1/1/2015 14:43,Cash,0.25
UE253,1/1/2015 14:43,1/1/2015 14:43,Cash,0.25
SL560,1/1/2015 14:44,1/1/2015 14:44,Cash,0.15
B610,1/1/2015 14:48,1/1/2015 14:48,Cash,0.25
UE253,1/1/2015 14:49,1/1/2015 14:49,Cash,0.25
UE176,1/1/2015 14:49,1/1/2015 14:49,Cash,0.1
UW264,1/1/2015 14:50,1/1/2015 14:50,Cash,0.65
UW1023,1/1/2015 14:50,1/1/2015 14:50,Cash,0.05
UE203,1/1/2015 14:50,1/1/2015 14:50,Cash,0.5
UE505,1/1/2015 14:52,1/1/2015 14:52,Cash,0.25
UE158,1/1/2015 14:54,1/1/2015 14:54,Cash,0.25
UW609,1/1/2015 14:54,1/1/2015 14:54,Cash,0.5
UE222,1/1/2015 14:54,1/1/2015 14:54,Cash,0.25
UE154,1/1/2015 14:54,1/1/2015 14:54,Cash,0.5
UW111,1/1/2015 14:58,1/1/2015 14:58,Cash,0.3
B610,1/1/2015 15:00,1/1/2015 15:00,Cash,0.1
B610,1/1/2015 15:00,1/1/2015 15:00,Cash,0.25
UW119,1/1/2015 15:01,1/1/2015 15:01,Cash,0.5
UE814,1/1/2015 15:02,1/1/2015 15:02,Cash,0.25
UE814,1/1/2015 15:02,1/1/2015 15:02,Cash,0.5
UE814,1/1/2015 15:02,1/1/2015 15:02,Cash,0.25
NK651,1/1/2015 12:14,1/1/2015 12:14,Cash,0.5
SO314,1/1/2015 15:04,1/1/2015 15:04,Cash,0.55
UW100,1/1/2015 15:04,1/1/2015 15:04,Cash,0.5
B226,1/1/2015 15:06,1/1/2015 15:06,Cash,0.25
UE271,1/1/2015 15:04,1/1/2015 15:04,Cash,0.5
WX159,1/1/2015 11:24,1/1/2015 11:24,Cash,0.45
UE312,1/1/2015 15:12,1/1/2015 15:12,Cash,0.5
WX155,1/1/2015 11:05,1/1/2015 11:05,Cash,0.1
UE156,1/1/2015 15:13,1/1/2015 15:13,Cash,0.55
B538,1/1/2015 15:13,1/1/2015 15:13,Cash,0.1
B538,1/1/2015 15:14,1/1/2015 15:14,Cash,0.1
UE08,1/1/2015 15:15,1/1/2015 15:15,Cash,0.75
UE08,1/1/2015 15:15,1/1/2015 15:15,Cash,0.25
UW3,1/1/2015 15:15,1/1/2015 15:15,Cash,0.25
UW809,1/1/2015 15:15,1/1/2015 15:15,Cash,0.5
UE156,1/1/2015 15:16,1/1/2015 15:16,Cash,1
NI9,1/1/2015 15:17,1/1/2015 15:17,Cash,0.05
UE321,1/1/2015 15:17,1/1/2015 15:17,Cash,0.25
K793,1/1/2015 2:21,1/1/2015 2:21,Cash,0.25
C232,1/1/2015 0:11,1/1/2015 0:11,Cash,0.05
C730,1/1/2015 0:13,1/1/2015 0:13,Cash,0.5
SO450,1/1/2015 0:58,1/1/2015 0:58,Cash,1
UE706,1/1/2015 9:42,1/1/2015 9:42,Cash,0.25
EP303,1/1/2015 6:58,1/1/2015 6:58,Cash,2.35
EP303,1/1/2015 6:59,1/1/2015 6:59,Cash,1.05
EQ100,1/1/2015 9:27,1/1/2015 9:27,Cash,0.25
UE710,1/1/2015 10:30,1/1/2015 10:30,Cash,0.1
UE708,1/1/2015 12:57,1/1/2015 12:57,Cash,0.25
UE710,1/1/2015 13:00,1/1/2015 13:00,Cash,0.25
UE708,1/1/2015 13:06,1/1/2015 13:06,Cash,0.25
UE708,1/1/2015 13:14,1/1/2015 13:14,Cash,0.5
UE708,1/1/2015 13:15,1/1/2015 13:15,Cash,0.25
UE710,1/1/2015 13:38,1/1/2015 13:38,Cash,0.3
UE708,1/1/2015 15:32,1/1/2015 15:32,Cash,0.25
UE708,1/1/2015 15:32,1/1/2015 15:32,Cash,0.1
NT420,1/1/2015 12:11,1/1/2015 12:11,Cash,0.25
UE702,1/1/2015 16:18,1/1/2015 16:18,Cash,0.25
UE708,1/1/2015 16:28,1/1/2015 16:28,Cash,1
SO408,1/1/2015 13:53,1/1/2015 13:53,Cash,0.3
UE708,1/1/2015 16:41,1/1/2015 16:41,Cash,0.05
UE704,1/1/2015 16:48,1/1/2015 16:48,Cash,0.25
EE221,1/1/2015 13:28,1/1/2015 13:28,Cash,0.5
SM408,1/1/2015 11:07,1/1/2015 11:07,Cash,0.5
EE108,1/1/2015 11:54,1/1/2015 11:54,Cash,0.5
NQ301,1/1/2015 16:00,1/1/2015 16:00,Cash,0.05
UE700,1/1/2015 17:48,1/1/2015 17:48,Cash,0.4
EG313,1/1/2015 15:19,1/1/2015 15:19,Cash,0.25
SO404,1/1/2015 14:39,1/1/2015 14:39,Cash,1
SO404,1/1/2015 17:04,1/1/2015 17:04,Cash,0.1
UE700,1/1/2015 19:06,1/1/2015 19:06,Cash,0.45
UE700,1/1/2015 19:07,1/1/2015 19:07,Cash,0.6
SO411,1/1/2015 13:06,1/1/2015 13:06,Cash,0.25
UE710,1/1/2015 20:21,1/1/2015 20:21,Cash,0.3
EX304,1/1/2015 19:14,1/1/2015 19:14,Cash,0.25
EX304,1/1/2015 19:14,1/1/2015 19:14,Cash,0.05
EX304,1/1/2015 19:15,1/1/2015 19:15,Cash,0.35
C824,1/1/2015 15:44,1/1/2015 15:44,Cash,0.5
C824,1/1/2015 16:24,1/1/2015 16:24,Cash,0.5
SO406,1/1/2015 11:22,1/1/2015 11:22,Cash,0.75
SO406,1/1/2015 12:45,1/1/2015 12:45,Cash,0.35
EG324,1/1/2015 16:36,1/1/2015 16:36,Cash,0.3
SO454,1/1/2015 11:40,1/1/2015 11:40,Cash,0.25
SO454,1/1/2015 11:40,1/1/2015 11:40,Cash,0.05
UE710,1/1/2015 21:48,1/1/2015 21:48,Cash,0.25
SO452,1/1/2015 13:58,1/1/2015 13:58,Cash,0.65
SO452,1/1/2015 13:58,1/1/2015 13:58,Cash,0.1
SO451,1/1/2015 14:08,1/1/2015 14:08,Cash,0.5
SO402,1/1/2015 14:52,1/1/2015 14:52,Cash,0.25
K316,1/1/2015 15:22,1/1/2015 15:22,Cash,0.05
EE151,1/1/2015 14:54,1/1/2015 14:54,Cash,0.75
NM100,1/1/2015 21:40,1/1/2015 21:40,Cash,0.15
NM100,1/1/2015 21:41,1/1/2015 21:41,Cash,0.25
EE159,1/1/2015 22:13,1/1/2015 22:13,Cash,0.75
K688,1/1/2015 17:25,1/1/2015 17:25,Cash,0.1
K668,1/1/2015 10:27,1/1/2015 10:27,Cash,0.75
K668,1/1/2015 16:18,1/1/2015 16:18,Cash,0.3
K668,1/1/2015 21:09,1/1/2015 21:09,Cash,0.05
NG618,1/1/2015 13:27,1/1/2015 13:27,Cash,0.05
C830,1/1/2015 13:32,1/1/2015 13:32,Cash,0.5
K649,1/1/2015 18:30,1/1/2015 18:30,Cash,0.25
K649,1/1/2015 11:18,1/1/2015 11:18,Cash,1.5
K539,1/1/2015 14:24,1/1/2015 14:24,Cash,0.2
K539,1/1/2015 14:24,1/1/2015 14:24,Cash,0.1
K539,1/1/2015 14:24,1/1/2015 14:24,Cash,0.1
K555,1/1/2015 15:30,1/1/2015 15:30,Cash,0.25
K169,1/1/2015 11:27,1/1/2015 11:27,Cash,0.75
K312,1/1/2015 13:06,1/1/2015 13:06,Cash,0.5
K312,1/1/2015 16:36,1/1/2015 16:36,Cash,0.35
K312,1/1/2015 16:57,1/1/2015 16:57,Cash,0.2
K312,1/1/2015 16:57,1/1/2015 16:57,Cash,0.25
K310,1/1/2015 13:07,1/1/2015 13:07,Cash,0.25
EQ100,1/1/2015 18:46,1/1/2015 18:46,Cash,0.05
C201,1/1/2015 18:34,1/1/2015 18:34,Cash,0.75
ER108,1/1/2015 15:52,1/1/2015 15:52,Cash,0.5
EG321,1/1/2015 15:21,1/1/2015 15:21,Cash,0.25
WA5,1/1/2015 12:15,1/1/2015 12:15,Cash,0.25
K111,1/1/2015 0:50,1/1/2015 0:50,Cash,0.75
K111,1/1/2015 0:51,1/1/2015 0:51,Cash,0.75
UW801,1/1/2015 15:21,1/1/2015 15:21,Cash,0.5
UE620,1/1/2015 15:22,1/1/2015 15:22,Cash,1.1
SO316,1/1/2015 15:26,1/1/2015 15:26,Cash,0.25
EC34,1/1/2015 12:58,1/1/2015 12:58,Cash,0.75
V24,1/1/2015 12:22,1/1/2015 12:22,Cash,0.55
UE277,1/1/2015 15:30,1/1/2015 15:30,Cash,0.75
UE277,1/1/2015 15:30,1/1/2015 15:30,Cash,0.25
UE400,1/1/2015 15:30,1/1/2015 15:30,Cash,0.5
SL562,1/1/2015 9:13,1/1/2015 9:13,Cash,0.5
UW102,1/1/2015 15:31,1/1/2015 15:31,Cash,0.5
UE505,1/1/2015 15:38,1/1/2015 15:38,Cash,0.5
UE610,1/1/2015 15:39,1/1/2015 15:39,Cash,0.25
UE550,1/1/2015 15:40,1/1/2015 15:40,Cash,0.45
UE240,1/1/2015 15:44,1/1/2015 15:44,Cash,0.25
UE240,1/1/2015 15:45,1/1/2015 15:45,Cash,0.25
UE267,1/1/2015 15:46,1/1/2015 15:46,Cash,0.2
F12,1/1/2015 13:45,1/1/2015 13:45,Cash,0.25
UE214,1/1/2015 15:49,1/1/2015 15:49,Cash,0.4
SK100,1/1/2015 14:09,1/1/2015 14:09,Cash,0.1
UE201,1/1/2015 15:51,1/1/2015 15:51,Cash,0.25
UE201,1/1/2015 15:51,1/1/2015 15:51,Cash,0.25
SQ61,1/1/2015 15:51,1/1/2015 15:51,Cash,0.5
EN729,1/1/2015 15:52,1/1/2015 15:52,Cash,0.2
WX163,1/1/2015 14:05,1/1/2015 14:05,Cash,0.35
UE257,1/1/2015 15:54,1/1/2015 15:54,Cash,0.5
UE259,1/1/2015 15:54,1/1/2015 15:54,Cash,0.5
UE202,1/1/2015 15:56,1/1/2015 15:56,Cash,0.1
UE206,1/1/2015 15:57,1/1/2015 15:57,Cash,0.2
B102,1/1/2015 9:19,1/1/2015 9:19,Cash,0.5
B102,1/1/2015 9:20,1/1/2015 9:20,Cash,0.25
EK421,1/1/2015 15:57,1/1/2015 15:57,Cash,0.75
UE502,1/1/2015 16:02,1/1/2015 16:02,Cash,0.25
B602,1/1/2015 16:02,1/1/2015 16:02,Cash,0.3
UE240,1/1/2015 16:03,1/1/2015 16:03,Cash,0.05
UE240,1/1/2015 16:04,1/1/2015 16:04,Cash,0.05
NK58,1/1/2015 12:25,1/1/2015 12:25,Cash,0.45
UE397,1/1/2015 16:06,1/1/2015 16:06,Cash,0.25
UW970,1/1/2015 16:06,1/1/2015 16:06,Cash,0.05
UW110,1/1/2015 16:08,1/1/2015 16:08,Cash,0.15
UE257,1/1/2015 16:07,1/1/2015 16:07,Cash,0.35
UE257,1/1/2015 16:08,1/1/2015 16:08,Cash,0.1
UE277,1/1/2015 16:13,1/1/2015 16:13,Cash,0.35
UE622,1/1/2015 16:14,1/1/2015 16:14,Cash,0.75
UE285,1/1/2015 16:18,1/1/2015 16:18,Cash,0.5
UW264,1/1/2015 16:18,1/1/2015 16:18,Cash,0.5
UE395,1/1/2015 16:18,1/1/2015 16:18,Cash,0.15
UE551,1/1/2015 16:21,1/1/2015 16:21,Cash,0.25
UE626,1/1/2015 16:23,1/1/2015 16:23,Cash,0.1
UW603,1/1/2015 16:25,1/1/2015 16:25,Cash,0.1
WE57,1/1/2015 12:36,1/1/2015 12:36,Cash,0.25
UE400,1/1/2015 16:26,1/1/2015 16:26,Cash,0.5
UE204,1/1/2015 16:28,1/1/2015 16:28,Cash,0.25
UE206,1/1/2015 16:29,1/1/2015 16:29,Cash,0.15
UW609,1/1/2015 16:30,1/1/2015 16:30,Cash,0.15
UE802,1/1/2015 16:30,1/1/2015 16:30,Cash,0.5
UE255,1/1/2015 16:30,1/1/2015 16:30,Cash,0.25
SO305,1/1/2015 16:32,1/1/2015 17:02,Cash,0.5
UE515,1/1/2015 16:32,1/1/2015 16:32,Cash,0.25
UE515,1/1/2015 16:32,1/1/2015 16:32,Cash,0.25
EI209,1/1/2015 16:32,1/1/2015 16:32,Cash,0.25
WAA52,1/1/2015 13:11,1/1/2015 13:11,Cash,0.5
WAA52,1/1/2015 13:11,1/1/2015 13:11,Cash,0.25
SO307,1/1/2015 16:33,1/1/2015 16:48,Cash,0.25
B610,1/1/2015 16:33,1/1/2015 16:33,Cash,0.25
B610,1/1/2015 16:34,1/1/2015 16:34,Cash,0.25
UE277,1/1/2015 16:35,1/1/2015 16:35,Cash,0.75
UE808,1/1/2015 16:36,1/1/2015 16:36,Cash,0.25
UE487,1/1/2015 16:38,1/1/2015 16:38,Cash,0.3
UE381,1/1/2015 16:39,1/1/2015 16:39,Cash,0.75
UE158,1/1/2015 16:39,1/1/2015 16:39,Cash,0.05
UE261,1/1/2015 16:39,1/1/2015 16:39,Cash,0.4
UE261,1/1/2015 16:40,1/1/2015 16:40,Cash,0.1
UE604,1/1/2015 16:42,1/1/2015 16:42,Cash,0.5
UE201,1/1/2015 16:43,1/1/2015 16:43,Cash,0.35
K686,1/1/2015 13:27,1/1/2015 13:27,Cash,0.25
NM104,1/1/2015 15:08,1/1/2015 15:08,Cash,0.25
NM104,1/1/2015 15:08,1/1/2015 15:08,Cash,0.25
K569,1/1/2015 19:08,1/1/2015 19:08,Cash,0.05
K308,1/1/2015 13:10,1/1/2015 13:10,Cash,0.25
K308,1/1/2015 13:15,1/1/2015 13:15,Cash,0.25
NG616,1/1/2015 19:37,1/1/2015 19:37,Cash,0.5
NG616,1/1/2015 19:38,1/1/2015 19:38,Cash,0.55
C203,1/1/2015 18:35,1/1/2015 18:35,Cash,0.25
SQ300,1/2/2015 5:28,1/2/2015 16:00,Credit Card,4
ER255,1/2/2015 6:10,1/2/2015 15:33,Credit Card,3.75
C822,1/1/2015 16:52,1/1/2015 16:52,Cash,0.5
EP301,1/2/2015 6:19,1/2/2015 16:19,Credit Card,4
EG326,1/2/2015 6:37,1/2/2015 15:59,Credit Card,3.75
NQ393,1/2/2015 6:47,1/2/2015 15:32,Credit Card,3.5
EG336,1/2/2015 6:48,1/2/2015 15:33,Credit Card,3.5
EG324,1/2/2015 6:49,1/2/2015 16:49,Credit Card,4
EG334,1/2/2015 6:49,1/2/2015 15:34,Credit Card,3.5
EP306,1/2/2015 6:50,1/2/2015 15:35,Credit Card,3.5
EP323,1/2/2015 6:54,1/2/2015 16:17,Credit Card,3.75
NQ202,1/2/2015 6:55,1/2/2015 15:40,Credit Card,3.5
EP312,1/2/2015 7:04,1/2/2015 7:42,Credit Card,0.25
EP314,1/2/2015 7:05,1/2/2015 18:20,Credit Card,4.5
EP303,1/2/2015 7:05,1/2/2015 17:05,Credit Card,4
EP309,1/2/2015 7:09,1/2/2015 12:09,Credit Card,2
EP200,1/2/2015 7:10,1/2/2015 10:40,Credit Card,2
EQ700,1/2/2015 7:08,1/2/2015 13:00,Cash,3.75
EP307,1/2/2015 7:11,1/2/2015 15:56,Credit Card,3.5
EG554,1/1/2015 17:50,1/1/2015 17:50,Cash,0.1
EG554,1/1/2015 17:51,1/1/2015 17:51,Cash,0.25
EG554,1/1/2015 17:51,1/1/2015 17:51,Cash,0.25
EP350,1/2/2015 7:15,1/2/2015 9:45,Credit Card,1
EP312,1/2/2015 7:15,1/2/2015 8:19,Credit Card,0.25
EP312,1/2/2015 7:17,1/2/2015 8:57,Credit Card,0.25
NR301,1/2/2015 7:17,1/2/2015 15:25,Credit Card,3.25
UE710,1/2/2015 7:21,1/2/2015 8:06,Cash,0.1
SQ417,1/2/2015 7:25,1/2/2015 10:00,Credit Card,1.5
NR113,1/2/2015 7:27,1/2/2015 18:30,Credit Card,4.5
EG516,1/2/2015 7:29,1/2/2015 17:29,Credit Card,4
SQ303,1/2/2015 7:30,1/2/2015 16:52,Credit Card,3.75
NR353,1/2/2015 7:33,1/2/2015 16:18,Credit Card,3.5
NQ308,1/2/2015 7:35,1/2/2015 17:35,Credit Card,4
EP305,1/2/2015 7:35,1/2/2015 16:20,Credit Card,3.5
EP319,1/2/2015 7:36,1/2/2015 18:14,Credit Card,4.25
ER251,1/2/2015 6:48,1/2/2015 15:48,Cash,3.6
SO408,1/1/2015 16:40,1/1/2015 16:40,Cash,0.3
EP362,1/2/2015 7:44,1/2/2015 17:06,Credit Card,3.75
NR359,1/2/2015 7:45,1/2/2015 17:07,Credit Card,3.75
ER259,1/2/2015 7:46,1/2/2015 17:09,Credit Card,3.75
EP317,1/2/2015 7:47,1/2/2015 12:09,Credit Card,1.75
EG322,1/2/2015 7:48,1/2/2015 18:25,Credit Card,4.25
EP310,1/2/2015 7:49,1/2/2015 14:04,Credit Card,2.5
NR373,1/2/2015 7:50,1/2/2015 17:12,Credit Card,3.75
WR33,1/2/2015 7:50,1/2/2015 11:00,Credit Card,2.25
NQ383,1/2/2015 7:52,1/2/2015 16:37,Credit Card,3.5
EP327,1/2/2015 7:53,1/2/2015 12:15,Credit Card,1.75
NQ306,1/2/2015 7:53,1/2/2015 17:16,Credit Card,3.75
SQ301,1/2/2015 7:55,1/2/2015 17:17,Credit Card,3.75
ER351,1/2/2015 7:56,1/2/2015 15:26,Credit Card,3
EP364,1/2/2015 7:56,1/2/2015 12:56,Credit Card,2
NR375,1/2/2015 7:56,1/2/2015 8:34,Credit Card,0.25
NR377,1/2/2015 7:57,1/2/2015 16:42,Credit Card,3.5
NR375,1/2/2015 7:57,1/2/2015 9:11,Credit Card,0.25
SQ506,1/2/2015 7:43,1/2/2015 8:04,Cash,0.05
SQ507,1/2/2015 7:58,1/2/2015 8:20,Cash,0.25
SQ505,1/2/2015 7:56,1/2/2015 8:16,Cash,0.2
NR379,1/2/2015 8:00,1/2/2015 12:23,Credit Card,1.75
EP352,1/2/2015 8:01,1/2/2015 11:08,Credit Card,1.25
NR131,1/2/2015 8:01,1/2/2015 11:46,Credit Card,1.5
EY512,1/2/2015 8:02,1/2/2015 8:22,Credit Card,0.25
EP354,1/2/2015 8:04,1/2/2015 15:34,Credit Card,3
K498,1/2/2015 8:05,1/2/2015 11:05,Credit Card,2.25
SQ400,1/2/2015 7:47,1/2/2015 16:32,Cash,3.5
ER301,1/2/2015 8:06,1/2/2015 16:51,Credit Card,3.5
EG328,1/2/2015 6:41,1/2/2015 11:41,Cash,2
EG328,1/2/2015 6:41,1/2/2015 14:11,Cash,1
EP366,1/2/2015 8:06,1/2/2015 17:29,Credit Card,3.75
UE201,1/1/2015 16:43,1/1/2015 16:43,Cash,0.05
UW193,1/1/2015 12:43,1/1/2015 12:43,Cash,0.75
UW114,1/1/2015 16:47,1/1/2015 16:47,Cash,0.25
UE550,1/1/2015 16:48,1/1/2015 16:48,Cash,0.5
UE221,1/1/2015 16:50,1/1/2015 16:50,Cash,0.25
UE204,1/1/2015 16:46,1/1/2015 16:46,Cash,0.25
UW613,1/1/2015 16:52,1/1/2015 16:52,Cash,0.3
UE632,1/1/2015 16:53,1/1/2015 16:53,Cash,0.05
WX123,1/1/2015 16:17,1/1/2015 16:17,Cash,0.7
F14,1/1/2015 14:09,1/1/2015 14:09,Cash,0.05
UW809,1/1/2015 16:54,1/1/2015 16:54,Cash,0.25
UE508,1/1/2015 16:56,1/1/2015 16:56,Cash,0.3
SO307,1/1/2015 16:58,1/1/2015 17:13,Cash,0.25
WX175,1/1/2015 10:06,1/1/2015 10:06,Cash,0.5
WX175,1/1/2015 10:07,1/1/2015 10:07,Cash,0.25
SP4,1/1/2015 12:03,1/1/2015 12:03,Cash,0.25
UE222,1/1/2015 17:01,1/1/2015 17:01,Cash,0.15
WCC55,1/1/2015 12:29,1/1/2015 12:29,Cash,0.2
UE501,1/1/2015 17:02,1/1/2015 17:02,Cash,0.35
WX151,1/1/2015 13:06,1/1/2015 13:06,Cash,0.5
WX151,1/1/2015 13:07,1/1/2015 13:07,Cash,0.25
EI150,1/1/2015 17:05,1/1/2015 17:05,Cash,0.1
SO305,1/1/2015 17:05,1/1/2015 17:35,Cash,0.7
UE207,1/1/2015 17:06,1/1/2015 17:06,Cash,0.1
UE172,1/1/2015 17:07,1/1/2015 17:07,Cash,0.25
UE172,1/1/2015 17:07,1/1/2015 17:07,Cash,0.05
UE172,1/1/2015 17:07,1/1/2015 17:07,Cash,0.25
EK430,1/1/2015 17:07,1/1/2015 17:07,Cash,0.05
EK430,1/1/2015 17:07,1/1/2015 17:07,Cash,0.5
UE277,1/1/2015 17:08,1/1/2015 17:08,Cash,0.5
UE395,1/1/2015 17:08,1/1/2015 17:08,Cash,0.75
UE503,1/1/2015 17:09,1/1/2015 17:09,Cash,0.25
UE402,1/1/2015 17:11,1/1/2015 17:11,Cash,0.35
UE628,1/1/2015 17:14,1/1/2015 17:14,Cash,0.25
SO309,1/1/2015 17:14,1/1/2015 17:35,Cash,0.35
UW811,1/1/2015 17:14,1/1/2015 17:14,Cash,0.1
UW116,1/1/2015 17:16,1/1/2015 17:16,Cash,0.25
UW116,1/1/2015 17:17,1/1/2015 17:17,Cash,0.5
UE257,1/1/2015 17:17,1/1/2015 17:17,Cash,0.05
UW613,1/1/2015 17:18,1/1/2015 17:18,Cash,0.45
UW613,1/1/2015 17:19,1/1/2015 17:19,Cash,0.1
B563,1/1/2015 17:19,1/1/2015 17:19,Cash,0.5
SM201,1/1/2015 17:21,1/1/2015 17:21,Cash,0.25
NO08,1/1/2015 17:25,1/1/2015 17:25,Cash,0.25
K661,1/1/2015 13:47,1/1/2015 13:47,Cash,0.5
EI51,1/1/2015 17:26,1/1/2015 17:26,Cash,0.75
EK409,1/1/2015 17:28,1/1/2015 17:28,Cash,1
EK409,1/1/2015 17:28,1/1/2015 17:28,Cash,0.25
UW114,1/1/2015 17:30,1/1/2015 17:30,Cash,0.5
UW114,1/1/2015 17:31,1/1/2015 17:31,Cash,0.25
EK406,1/1/2015 17:30,1/1/2015 17:30,Cash,0.1
K533,1/1/2015 12:23,1/1/2015 12:23,Cash,0.15
UE210,1/1/2015 17:32,1/1/2015 17:32,Cash,0.25
UE393,1/1/2015 17:32,1/1/2015 17:32,Cash,0.25
UE393,1/1/2015 17:32,1/1/2015 17:32,Cash,0.75
WG106,1/1/2015 17:32,1/1/2015 17:32,Cash,0.3
WG106,1/1/2015 17:32,1/1/2015 17:32,Cash,0.25
UE584,1/1/2015 17:32,1/1/2015 17:32,Cash,0.35
WK9,1/1/2015 17:36,1/1/2015 17:36,Cash,0.75
WK9,1/1/2015 17:36,1/1/2015 17:36,Cash,0.3
SO305,1/1/2015 17:48,1/1/2015 18:18,Cash,0.5
B608,1/1/2015 11:31,1/1/2015 11:31,Cash,0.5
B608,1/1/2015 13:07,1/1/2015 13:07,Cash,0.25
B608,1/1/2015 13:58,1/1/2015 13:58,Cash,0.5
B608,1/1/2015 13:59,1/1/2015 13:59,Cash,0.25
UW803,1/1/2015 17:49,1/1/2015 17:49,Cash,0.25
UW803,1/1/2015 17:49,1/1/2015 17:49,Cash,0.25
UW803,1/1/2015 17:50,1/1/2015 17:50,Cash,0.1
UW803,1/1/2015 17:50,1/1/2015 17:50,Cash,0.25
UW809,1/1/2015 17:52,1/1/2015 17:52,Cash,0.25
UE152,1/1/2015 17:53,1/1/2015 17:53,Cash,0.7
UE378,1/1/2015 17:54,1/1/2015 17:54,Cash,0.5
UE158,1/1/2015 17:54,1/1/2015 17:54,Cash,0.25
UE151,1/1/2015 17:56,1/1/2015 17:56,Cash,0.1
UE254,1/1/2015 17:56,1/1/2015 17:56,Cash,0.25
UW613,1/1/2015 17:57,1/1/2015 17:57,Cash,0.25
K1014,1/1/2015 17:53,1/1/2015 17:53,Cash,0.25
UE706,1/2/2015 8:05,1/2/2015 8:11,Cash,0.1
EP218,1/2/2015 8:07,1/2/2015 9:47,Credit Card,1.25
EX300,1/2/2015 8:08,1/2/2015 11:53,Credit Card,1.5
NQ385,1/2/2015 8:13,1/2/2015 16:21,Credit Card,3.25
WR25,1/2/2015 8:13,1/2/2015 10:13,Credit Card,1.5
EE110,1/2/2015 0:22,1/2/2015 0:22,Cash,0.75
WR27,1/2/2015 8:14,1/2/2015 9:09,Credit Card,0.5
WR27,1/2/2015 8:13,1/2/2015 8:29,Cash,0.2
EP247,1/2/2015 8:17,1/2/2015 11:17,Credit Card,2.25
NQ350,1/2/2015 8:18,1/2/2015 10:18,Credit Card,1.5
NN150,1/2/2015 8:18,1/2/2015 10:18,Credit Card,1.5
EP325,1/2/2015 8:19,1/2/2015 10:49,Credit Card,1
SQ317,1/1/2015 18:44,1/1/2015 18:44,Cash,0.25
NO101,1/2/2015 8:21,1/2/2015 11:21,Credit Card,2.25
SQ304,1/2/2015 7:04,1/2/2015 13:34,Cash,2.6
NQ304,1/2/2015 8:23,1/2/2015 15:53,Credit Card,3
SQ304,1/2/2015 7:05,1/2/2015 15:49,Cash,0.9
NQ304,1/2/2015 8:23,1/2/2015 16:08,Cash,0.1
SQ306,1/2/2015 7:11,1/2/2015 12:48,Cash,2.25
NR119,1/2/2015 8:24,1/2/2015 17:09,Credit Card,3.5
NR120,1/2/2015 8:24,1/2/2015 17:09,Credit Card,3.5
EE315,1/2/2015 8:21,1/2/2015 9:01,Cash,0.5
NM100,1/2/2015 8:25,1/2/2015 11:25,Credit Card,2.25
EG343,1/2/2015 8:27,1/2/2015 12:42,Credit Card,1
EG343,1/2/2015 7:42,1/2/2015 10:12,Cash,1
NM152,1/2/2015 8:28,1/2/2015 10:28,Credit Card,1.5
UE708,1/2/2015 8:28,1/2/2015 8:37,Cash,0.15
EP312,1/2/2015 8:32,1/2/2015 9:34,Credit Card,0.25
NR200,1/2/2015 8:32,1/2/2015 17:55,Credit Card,3.75
SQ302,1/2/2015 8:34,1/2/2015 12:19,Credit Card,1.5
EP253,1/2/2015 8:35,1/2/2015 11:35,Credit Card,2.25
EP312,1/2/2015 8:33,1/2/2015 10:12,Credit Card,0.25
EP368,1/2/2015 8:38,1/2/2015 18:01,Credit Card,3.75
C203,1/2/2015 8:40,1/2/2015 14:55,Credit Card,2.5
NQ387,1/2/2015 8:42,1/2/2015 18:04,Credit Card,3.75
NQ301,1/2/2015 6:49,1/2/2015 15:27,Cash,3.45
NR381,1/2/2015 8:44,1/2/2015 13:07,Credit Card,1.75
NO113,1/2/2015 8:44,1/2/2015 11:44,Credit Card,2.25
EP251,1/2/2015 8:20,1/2/2015 11:20,Cash,2.25
WR35,1/2/2015 8:25,1/2/2015 9:33,Cash,0.85
NR201,1/2/2015 8:52,1/2/2015 18:15,Credit Card,3.75
ER303,1/2/2015 8:56,1/2/2015 13:56,Credit Card,2
NR203,1/2/2015 9:00,1/2/2015 17:45,Credit Card,3.5
NR203,1/2/2015 9:00,1/2/2015 18:00,Cash,0.1
EP249,1/2/2015 9:02,1/2/2015 12:02,Credit Card,2.25
EP247,1/2/2015 9:02,1/2/2015 12:02,Credit Card,0.75
EE102,1/2/2015 9:02,1/2/2015 9:42,Cash,0.5
K169,1/2/2015 9:04,1/2/2015 10:44,Credit Card,1.25
ER369,1/2/2015 9:07,1/2/2015 16:37,Credit Card,3
UE708,1/2/2015 9:06,1/2/2015 9:18,Cash,0.2
SO459,1/2/2015 9:08,1/2/2015 10:08,Credit Card,0.75
UE704,1/2/2015 9:07,1/2/2015 9:22,Cash,0.25
EN153,1/2/2015 9:06,1/2/2015 9:26,Cash,0.25
EN155,1/2/2015 9:07,1/2/2015 9:27,Cash,0.25
NS121,1/2/2015 9:10,1/2/2015 12:10,Credit Card,2.25
NR103,1/2/2015 9:10,1/2/2015 17:57,Credit Card,3.5
NR103,1/2/2015 6:42,1/2/2015 9:12,Cash,1
EG542,1/2/2015 9:14,1/2/2015 18:30,Credit Card,3.75
NR361,1/2/2015 7:57,1/2/2015 13:34,Credit Card,2.25
NQ374,1/2/2015 9:15,1/2/2015 10:55,Credit Card,1.25
EG546,1/2/2015 9:13,1/2/2015 11:43,Credit Card,1
UE706,1/2/2015 9:17,1/2/2015 9:29,Cash,0.2
K539,1/2/2015 9:21,1/2/2015 12:21,Credit Card,2.25
NQ372,1/2/2015 9:22,1/2/2015 11:22,Credit Card,1.5
NQ300,1/2/2015 9:23,1/2/2015 15:00,Credit Card,2.25
NO103,1/2/2015 9:23,1/2/2015 12:23,Credit Card,2.25
K108,1/2/2015 9:24,1/2/2015 10:44,Credit Card,1
NQ378,1/2/2015 9:26,1/2/2015 10:46,Credit Card,1
EN155,1/2/2015 9:24,1/2/2015 10:47,Cash,1
NQ370,1/2/2015 9:27,1/2/2015 10:47,Credit Card,1
WR35,1/2/2015 9:28,1/2/2015 11:13,Credit Card,1.25
EP350,1/2/2015 9:28,1/2/2015 16:37,Credit Card,2.75
NQ369,1/2/2015 9:29,1/2/2015 9:49,Credit Card,0.25
NQ369,1/2/2015 8:20,1/2/2015 8:44,Cash,0.3
SQ417,1/2/2015 9:30,1/2/2015 11:30,Credit Card,1.25
NS101,1/2/2015 9:30,1/2/2015 15:30,Credit Card,2.25
NQ369,1/2/2015 9:30,1/2/2015 10:45,Credit Card,0.25
UE402,1/1/2015 17:59,1/1/2015 17:59,Cash,0.25
UE402,1/1/2015 18:00,1/1/2015 18:00,Cash,0.35
UE402,1/1/2015 18:00,1/1/2015 18:00,Cash,0.1
EI50,1/1/2015 18:00,1/1/2015 18:00,Cash,0.5
UE414,1/1/2015 18:01,1/1/2015 18:01,Cash,0.1
UE414,1/1/2015 18:02,1/1/2015 18:02,Cash,0.45
K183,1/1/2015 13:19,1/1/2015 13:19,Cash,1
WX115,1/1/2015 16:24,1/1/2015 16:24,Cash,0.5
UW101,1/1/2015 18:06,1/1/2015 18:06,Cash,0.25
WBB59,1/1/2015 10:45,1/1/2015 10:45,Cash,1
WBB59,1/1/2015 16:01,1/1/2015 16:01,Cash,0.75
K704,1/1/2015 12:47,1/1/2015 12:47,Cash,0.25
K704,1/1/2015 12:48,1/1/2015 12:48,Cash,0.35
UE505,1/1/2015 18:10,1/1/2015 18:10,Cash,0.5
EA4,1/1/2015 12:56,1/1/2015 12:56,Cash,0.5
EA4,1/1/2015 14:09,1/1/2015 14:09,Cash,0.05
UW95,1/1/2015 18:12,1/1/2015 18:12,Cash,0.25
WX161,1/1/2015 11:27,1/1/2015 11:27,Cash,0.5
WX161,1/1/2015 13:43,1/1/2015 13:43,Cash,0.25
UE394,1/1/2015 18:13,1/1/2015 18:13,Cash,0.25
SO320,1/1/2015 18:14,1/1/2015 18:14,Cash,0.3
SO305,1/1/2015 18:15,1/1/2015 18:33,Cash,0.25
B201,1/1/2015 18:15,1/1/2015 18:15,Cash,0.25
B201,1/1/2015 18:16,1/1/2015 18:16,Cash,0.15
UE475,1/1/2015 18:19,1/1/2015 18:19,Cash,0.1
UE362,1/1/2015 18:21,1/1/2015 18:21,Cash,0.5
UE201,1/1/2015 18:22,1/1/2015 18:22,Cash,0.2
UE201,1/1/2015 18:22,1/1/2015 18:22,Cash,0.05
UE206,1/1/2015 18:22,1/1/2015 18:22,Cash,0.3
UE212,1/1/2015 18:22,1/1/2015 18:22,Cash,0.1
NG400,1/1/2015 11:29,1/1/2015 11:29,Cash,2.25
NG400,1/1/2015 11:29,1/1/2015 11:29,Cash,0.75
NG400,1/1/2015 17:22,1/1/2015 17:22,Cash,0.25
UE402,1/1/2015 18:23,1/1/2015 18:23,Cash,1
UW1007,1/1/2015 18:23,1/1/2015 18:23,Cash,0.5
UE220,1/1/2015 18:26,1/1/2015 18:26,Cash,0.1
SO305,1/1/2015 18:30,1/1/2015 18:48,Cash,0.25
B207,1/1/2015 18:36,1/1/2015 18:36,Cash,0.75
EI304,1/1/2015 18:38,1/1/2015 18:38,Cash,0.25
B53,1/1/2015 11:13,1/1/2015 11:13,Cash,0.15
UE202,1/1/2015 18:44,1/1/2015 18:44,Cash,0.35
ER31,1/1/2015 11:27,1/1/2015 11:27,Cash,0.2
UE208,1/1/2015 18:46,1/1/2015 18:46,Cash,0.25
UE210,1/1/2015 18:46,1/1/2015 18:46,Cash,0.1
UE218,1/1/2015 11:18,1/1/2015 11:18,Cash,0.05
UE218,1/1/2015 11:22,1/1/2015 11:22,Cash,0.5
UE218,1/1/2015 11:36,1/1/2015 11:36,Cash,0.6
UE218,1/1/2015 13:52,1/1/2015 13:52,Cash,0.1
UE218,1/1/2015 14:06,1/1/2015 14:06,Cash,0.25
EG118,1/1/2015 18:53,1/1/2015 18:53,Cash,0.5
EG118,1/1/2015 18:54,1/1/2015 18:54,Cash,0.2
K932,1/1/2015 13:43,1/1/2015 13:43,Cash,0.5
K932,1/1/2015 13:44,1/1/2015 13:44,Cash,0.25
K932,1/1/2015 16:16,1/1/2015 16:16,Cash,0.35
EN250,1/1/2015 17:17,1/1/2015 17:17,Cash,0.2
EG16,1/1/2015 18:56,1/1/2015 18:56,Cash,0.1
B602,1/1/2015 18:56,1/1/2015 18:56,Cash,0.05
K494,1/1/2015 15:38,1/1/2015 15:38,Cash,0.15
EN4,1/1/2015 18:58,1/1/2015 18:58,Cash,0.3
EN4,1/1/2015 18:59,1/1/2015 18:59,Cash,0.25
K303,1/1/2015 11:20,1/1/2015 11:20,Cash,0.1
K303,1/1/2015 11:20,1/1/2015 11:20,Cash,0.25
K582,1/1/2015 14:12,1/1/2015 14:12,Cash,1
K582,1/1/2015 16:19,1/1/2015 16:19,Cash,0.35
B100,1/1/2015 19:01,1/1/2015 19:01,Cash,0.3
UW1009,1/1/2015 19:02,1/1/2015 19:02,Cash,0.1
SK210,1/1/2015 12:54,1/1/2015 12:54,Cash,0.95
SO307,1/1/2015 19:04,1/1/2015 19:19,Cash,0.25
UE563,1/1/2015 19:04,1/1/2015 19:04,Cash,0.05
UE501,1/1/2015 19:05,1/1/2015 19:05,Cash,0.75
UE802,1/1/2015 19:06,1/1/2015 19:06,Cash,0.25
UW1003,1/1/2015 19:09,1/1/2015 19:09,Cash,0.25
UE475,1/1/2015 19:11,1/1/2015 19:11,Cash,0.35
UE814,1/1/2015 19:12,1/1/2015 19:12,Cash,0.5
UE814,1/1/2015 19:12,1/1/2015 19:12,Cash,0.25
UE309,1/1/2015 19:13,1/1/2015 19:13,Cash,0.75
SO305,1/1/2015 19:13,1/1/2015 19:43,Cash,0.5
SO307,1/1/2015 19:14,1/1/2015 19:22,Cash,0.05
SO307,1/1/2015 19:14,1/1/2015 19:44,Cash,0.9
UE220,1/1/2015 19:17,1/1/2015 19:17,Cash,0.3
